cluster,goal_usd,name_len_clean,blurb_len_clean,project_duration_days,staff_pick_coalesced,show_feature_image,video,size,success_rate
0,103264.11512444227,4.734352672192055,14.521863389539869,34.98671048871106,0.0,0.011288939697056301,0.0,6998,31.59
1,45484.01781460918,5.06733906852566,15.118955799466034,34.95688717492337,0.0,0.020963116780381687,1.0,10113,39.57
2,15729.73617685152,5.386623912047641,14.838754008245534,32.03893724232707,1.0,0.052679798442510306,0.8483737975263399,2183,86.58
